CRIM,ZN,INDUS,CHAS,NOX,RM,AGE,DIS,RAD,TAX,PTRATIO,B,LSTAT,MEDV
0.00632,18.0,2.31,0.0,0.538,6.575,65.2,4.09,1.0,296.0,15.3,396.9,4.98,28.0
0.00632,18.0,2.31,0.0,0.538,6.575,65.2,4.09,1.0,296.0,15.3,396.9,4.98,27.5
0.00632,18.0,2.31,0.0,0.538,6.575,65.2,4.09,1.0,296.0,15.3,396.9,4.98,28.0
0.02731,0.0,7.07,0.0,0.469,6.421,78.9,4.967,2.0,242.0,17.8,396.9,9.14,22.0
0.05,0.0,5.0,1.0,0.45,7.0,50.0,5.0,3.0,300.0,16.0,390.0,6.0,32.0
